-- ========================
-- PERSONS (BASE TABLE)
-- ========================

INSERT INTO persons (person_id, first_name, middle_name, last_name, email, password, phone_number, date_of_birth, security_role)
VALUES (1, 'Alex', 'Jordan', 'Smith', 'student@example.com',
        '$2a$10$M67C/BLkfotfl14WbFSh8Out/6ReJxaLunI.WsdTPNS66.VLmJ9KG',
        '4035550001', '2006-04-12', 'STUDENT');

INSERT INTO persons (person_id, first_name, middle_name, last_name, email, password, phone_number, date_of_birth, security_role)
VALUES (2, 'Taylor', 'Morgan', 'Reed', 'admin@example.com',
        '$2a$10$0x8ApgZHZ6MgcSA94nfP7.m/az.ZXfSeBT07nPAOPrcbuVBIf3qrG',
        '4035550002', '1990-08-21', 'ADMIN');

INSERT INTO persons (person_id, first_name, middle_name, last_name, email, password, phone_number, date_of_birth, security_role)
VALUES (3, 'Ava', 'Claire', 'Nguyen', 'instructor@example.com',
        '$2a$10$M67C/BLkfotfl14WbFSh8Out/6ReJxaLunI.WsdTPNS66.VLmJ9KG',
        '4035550003', '1985-02-10', 'STUDENT');

INSERT INTO persons (person_id, first_name, middle_name, last_name, email, password, phone_number, date_of_birth, security_role)
VALUES (4, 'Liam', 'James', 'Patel', 'instructor2@example.com',
        '$2a$10$M67C/BLkfotfl14WbFSh8Out/6ReJxaLunI.WsdTPNS66.VLmJ9KG',
        '4035550004', '1980-11-03', 'STUDENT');

INSERT INTO persons (person_id, first_name, middle_name, last_name, email, password, phone_number, date_of_birth, security_role)
VALUES (5, 'Noah', 'Daniel', 'Khan', 'instructor3@example.com',
        '$2a$10$M67C/BLkfotfl14WbFSh8Out/6ReJxaLunI.WsdTPNS66.VLmJ9KG',
        '4035550005', '1983-06-17', 'STUDENT');

INSERT INTO persons (person_id, first_name, middle_name, last_name, email, password, phone_number, date_of_birth, security_role)
VALUES (6, 'Emma', 'Grace', 'Wilson', 'student2@example.com',
        '$2a$10$M67C/BLkfotfl14WbFSh8Out/6ReJxaLunI.WsdTPNS66.VLmJ9KG',
        '4035550006', '2005-09-14', 'STUDENT');

INSERT INTO persons (person_id, first_name, middle_name, last_name, email, password, phone_number, date_of_birth, security_role)
VALUES (7, 'Olivia', 'Rose', 'Garcia', 'student3@example.com',
        '$2a$10$M67C/BLkfotfl14WbFSh8Out/6ReJxaLunI.WsdTPNS66.VLmJ9KG',
        '4035550007', '2006-01-25', 'STUDENT');

INSERT INTO persons (person_id, first_name, middle_name, last_name, email, password, phone_number, date_of_birth, security_role)
VALUES (8, 'Ethan', 'Michael', 'Chen', 'student4@example.com',
        '$2a$10$M67C/BLkfotfl14WbFSh8Out/6ReJxaLunI.WsdTPNS66.VLmJ9KG',
        '4035550008', '2004-12-05', 'STUDENT');

INSERT INTO persons (person_id, first_name, middle_name, last_name, email, password, phone_number, date_of_birth, security_role)
VALUES (9, 'Sophia', 'Marie', 'Lopez', 'student5@example.com',
        '$2a$10$M67C/BLkfotfl14WbFSh8Out/6ReJxaLunI.WsdTPNS66.VLmJ9KG',
        '4035550009', '2003-07-19', 'STUDENT');

INSERT INTO persons (person_id, first_name, middle_name, last_name, email, password, phone_number, date_of_birth, security_role)
VALUES (10, 'Mason', 'Lee', 'Anderson', 'student6@example.com',
        '$2a$10$M67C/BLkfotfl14WbFSh8Out/6ReJxaLunI.WsdTPNS66.VLmJ9KG',
        '4035550010', '2005-03-08', 'STUDENT');

INSERT INTO persons (person_id, first_name, middle_name, last_name, email, password, phone_number, date_of_birth, security_role)
VALUES (11, 'Lucas', 'Andrew', 'Brown', 'student7@example.com',
        '$2a$10$M67C/BLkfotfl14WbFSh8Out/6ReJxaLunI.WsdTPNS66.VLmJ9KG',
        '4035550011', '2004-05-21', 'STUDENT');

INSERT INTO persons (person_id, first_name, middle_name, last_name, email, password, phone_number, date_of_birth, security_role)
VALUES (12, 'Mia', 'Elise', 'Martin', 'student8@example.com',
 '$2a$10$M67C/BLkfotfl14WbFSh8Out/6ReJxaLunI.WsdTPNS66.VLmJ9KG',
 '4035550012', '2005-11-02', 'STUDENT');

INSERT INTO persons (person_id, first_name, middle_name, last_name, email, password, phone_number, date_of_birth, security_role)
VALUES (13, 'Ethan', 'David', 'Singh', 'student9@example.com',
 '$2a$10$M67C/BLkfotfl14WbFSh8Out/6ReJxaLunI.WsdTPNS66.VLmJ9KG',
 '4035550013', '2003-03-18', 'STUDENT');

INSERT INTO persons (person_id, first_name, middle_name, last_name, email, password, phone_number, date_of_birth, security_role)
VALUES (14, 'Chloe', 'Anne', 'Taylor', 'student10@example.com',
 '$2a$10$M67C/BLkfotfl14WbFSh8Out/6ReJxaLunI.WsdTPNS66.VLmJ9KG',
 '4035550014', '2006-07-09', 'STUDENT');

INSERT INTO persons (person_id, first_name, middle_name, last_name, email, password, phone_number, date_of_birth, security_role)
VALUES (15, 'Noah', 'Benjamin', 'Ali', 'student11@example.com',
 '$2a$10$M67C/BLkfotfl14WbFSh8Out/6ReJxaLunI.WsdTPNS66.VLmJ9KG',
 '4035550015', '2004-09-30', 'STUDENT');

INSERT INTO persons (person_id, first_name, middle_name, last_name, email, password, phone_number, date_of_birth, security_role)
VALUES (16, 'Drake', 'Alexander', 'Moore', 'instructor4@example.com',
 '$2a$10$M67C/BLkfotfl14WbFSh8Out/6ReJxaLunI.WsdTPNS66.VLmJ9KG',
 '4035550016', '1978-01-15', 'STUDENT');

INSERT INTO persons (person_id, first_name, middle_name, last_name, email, password, phone_number, date_of_birth, security_role)
VALUES (17, 'Sophia', 'Nicole', 'Hernandez', 'instructor5@example.com',
 '$2a$10$M67C/BLkfotfl14WbFSh8Out/6ReJxaLunI.WsdTPNS66.VLmJ9KG',
 '4035550017', '1982-04-28', 'STUDENT');

INSERT INTO persons (person_id, first_name, middle_name, last_name, email, password, phone_number, date_of_birth, security_role)
VALUES (18, 'Daniel', 'Christopher', 'Kim', 'instructor6@example.com',
 '$2a$10$M67C/BLkfotfl14WbFSh8Out/6ReJxaLunI.WsdTPNS66.VLmJ9KG',
 '4035550018', '1975-10-11', 'STUDENT');

-- ========================
-- SUBCLASS TABLES (JOINED)
-- ========================

-- ADMINISTRATOR
INSERT INTO administrator (person_id)
VALUES (2);

-- INSTRUCTOR

INSERT INTO instructors (person_id, years_of_experience, expertise_topics)
VALUES (3, 5, 'Programming Fundamentals');

INSERT INTO instructors (person_id, years_of_experience, expertise_topics)
VALUES (4, 8, 'Algorithms and Data Structures');

INSERT INTO instructors (person_id, years_of_experience, expertise_topics)
VALUES (5, 6, 'Calculus and Linear Algebra');


-- STUDENT
INSERT INTO students (person_id, credits_earned, academic_status, enrollment_year)
VALUES (1, 1, 'test', 2026);

INSERT INTO students (person_id, credits_earned, academic_status, enrollment_year)
VALUES (6, 24, 'Good Standing', 2025);

INSERT INTO students (person_id, credits_earned, academic_status, enrollment_year)
VALUES (7, 6, 'Probation', 2026);

INSERT INTO students (person_id, credits_earned, academic_status, enrollment_year)
VALUES (8, 45, 'Good Standing', 2024);

INSERT INTO students (person_id, credits_earned, academic_status, enrollment_year)
VALUES (9, 60, 'Good Standing', 2023);

INSERT INTO students (person_id, credits_earned, academic_status, enrollment_year)
VALUES (10, 18, 'Good Standing', 2025);

-- UNDERGRAD 
INSERT INTO undergrads (person_id, year_of_study)
VALUES (1, 1);

INSERT INTO undergrads (person_id, year_of_study)
VALUES (6, 2);

INSERT INTO undergrads (person_id, year_of_study)
VALUES (7, 1);

INSERT INTO undergrads (person_id, year_of_study)
VALUES (8, 3);

-- GRADS
INSERT INTO grads (person_id)
VALUES (9);

-- POSTGRADS
INSERT INTO postgrads (person_id)
VALUES (10);

-- ========================
-- SEMESTERS
-- ========================

INSERT INTO semesters (semester_id, term_name, start_date, end_date)
VALUES (1, 'Fall 2026', '2026-09-01', '2026-12-15');

INSERT INTO semesters (semester_id, term_name, start_date, end_date)
VALUES (2, 'Winter 2027', '2027-01-10', '2027-05-05');

INSERT INTO semesters (semester_id, term_name, start_date, end_date)
VALUES (3, 'Spring 2027', '2027-05-10', '2027-08-01');

-- ========================
-- DEPARTMENTS
-- ========================

INSERT INTO departments (dept_id, dept_name, dept_email, phone_number, office_location)
VALUES (1, 'Computer Science', 'csdept@example.com', '4034034001', 'ICT 602');

INSERT INTO departments (dept_id, dept_name, dept_email, phone_number, office_location)
VALUES (2, 'Mathematics', 'mathdept@example.com', '4034034002', 'MS 476');

INSERT INTO departments (dept_id, dept_name, dept_email, phone_number, office_location)
VALUES (3, 'Engineering', 'enggdept@example.com', '4034034003', 'ENG 201');

-- ========================
-- PROGRAMS
-- ========================

INSERT INTO programs (program_id, program_name, description, dept_id, program_type)
VALUES (1, 'Computer Science Major', 'Core computer science degree program', 1, 'MAJOR');

INSERT INTO programs (program_id, program_name, description, dept_id, program_type)
VALUES (2, 'Computer Science Minor', 'Minor in computer science', 1, 'MINOR');

INSERT INTO programs (program_id, program_name, description, dept_id, program_type)
VALUES (3, 'Mathematics Major', 'Core mathematics degree program', 2, 'MAJOR');

INSERT INTO programs (program_id, program_name, description, dept_id, program_type)
VALUES (4, 'Engineering Minor', 'Minor in engineering fundamentals', 3, 'MINOR');


-- ========================
-- ADMISSIONS
-- ========================

INSERT INTO admissions (admission_id, student_id, program_id)
VALUES (1, 1, 1);

INSERT INTO admissions (admission_id, student_id, program_id)
VALUES (2, 6, 1);

INSERT INTO admissions (admission_id, student_id, program_id)
VALUES (3, 7, 2);

INSERT INTO admissions (admission_id, student_id, program_id)
VALUES (4, 8, 3);

INSERT INTO admissions (admission_id, student_id, program_id)
VALUES (5, 9, 3);

INSERT INTO admissions (admission_id, student_id, program_id)
VALUES (6, 10, 4);

-- ========================
-- COURSES
-- ========================

INSERT INTO courses (course_id, course_number, description, credits, dept_id)
VALUES (1, 'CPSC 101', 'Introduction to Computer Science', 3, 1);

INSERT INTO courses (course_id, course_number, description, credits, dept_id)
VALUES (2, 'CPSC 233', 'Object-Oriented Programming', 3, 1);

INSERT INTO courses (course_id, course_number, description, credits, dept_id)
VALUES (3, 'CPSC 331', 'Data Structures and Algorithms', 3, 1);

INSERT INTO courses (course_id, course_number, description, credits, dept_id)
VALUES (4, 'CPSC 351', 'Computer Organization', 3, 1);

INSERT INTO courses (course_id, course_number, description, credits, dept_id)
VALUES (5, 'MATH 211', 'Linear Methods I', 3, 2);

INSERT INTO courses (course_id, course_number, description, credits, dept_id)
VALUES (6, 'MATH 249', 'Calculus I', 3, 2);

INSERT INTO courses (course_id, course_number, description, credits, dept_id)
VALUES (7, 'MATH 267', 'Calculus II', 3, 2);

INSERT INTO courses (course_id, course_number, description, credits, dept_id)
VALUES (8, 'ENGG 201', 'Engineering Design and Communication', 3, 3);


-- ========================
-- COURSE PREREQUISITES
-- ========================

INSERT INTO course_prerequisites (prerequisite_id, course_id, prerequisite_course_id)
VALUES (1, 2, 1);

INSERT INTO course_prerequisites (prerequisite_id, course_id, prerequisite_course_id)
VALUES (2, 3, 2);

INSERT INTO course_prerequisites (prerequisite_id, course_id, prerequisite_course_id)
VALUES (3, 7, 6);

-- ========================
-- PROGRAM COURSE ACCESS
-- ========================

INSERT INTO program_course_access (access_id, program_id, course_id)
VALUES (1, 1, 1);

INSERT INTO program_course_access (access_id, program_id, course_id)
VALUES (2, 1, 2);

INSERT INTO program_course_access (access_id, program_id, course_id)
VALUES (3, 1, 3);

INSERT INTO program_course_access (access_id, program_id, course_id)
VALUES (4, 1, 4);

INSERT INTO program_course_access (access_id, program_id, course_id)
VALUES (5, 2, 1);

INSERT INTO program_course_access (access_id, program_id, course_id)
VALUES (6, 2, 2);

INSERT INTO program_course_access (access_id, program_id, course_id)
VALUES (7, 3, 5);

INSERT INTO program_course_access (access_id, program_id, course_id)
VALUES (8, 3, 6);

INSERT INTO program_course_access (access_id, program_id, course_id)
VALUES (9, 3, 7);

INSERT INTO program_course_access (access_id, program_id, course_id)
VALUES (10, 4, 8);

-- ========================
-- COMPLETED COURSES
-- ========================

INSERT INTO completed_courses (completed_course_id, student_id, course_id)
VALUES (1, 6, 1);

INSERT INTO completed_courses (completed_course_id, student_id, course_id)
VALUES (2, 6, 2);

INSERT INTO completed_courses (completed_course_id, student_id, course_id)
VALUES (3, 8, 6);

INSERT INTO completed_courses (completed_course_id, student_id, course_id)
VALUES (4, 9, 5);

-- ========================
-- SECTIONS
-- ========================

INSERT INTO sections (section_id, schedule_time, location, capacity, course_id, instructor_id, semester_id)
VALUES (1, 'MWF 09:00-09:50', 'ICT 102', 30, 1, 3, 1);

INSERT INTO sections (section_id, schedule_time, location, capacity, course_id, instructor_id, semester_id)
VALUES (2, 'TTh 10:00-11:15', 'ICT 104', 35, 2, 3, 1);

INSERT INTO sections (section_id, schedule_time, location, capacity, course_id, instructor_id, semester_id)
VALUES (3, 'MWF 11:00-11:50', 'MS 160', 40, 6, 5, 1);

INSERT INTO sections (section_id, schedule_time, location, capacity, course_id, instructor_id, semester_id)
VALUES (4, 'TTh 13:00-14:15', 'MS 161', 40, 7, 5, 2);

INSERT INTO sections (section_id, schedule_time, location, capacity, course_id, instructor_id, semester_id)
VALUES (5, 'MWF 14:00-14:50', 'ICT 114', 25, 3, 4, 2);

INSERT INTO sections (section_id, schedule_time, location, capacity, course_id, instructor_id, semester_id)
VALUES (6, 'TTh 15:30-16:45', 'ENG 201', 50, 8, 4, 2);

INSERT INTO sections (section_id, schedule_time, location, capacity, course_id, instructor_id, semester_id)
VALUES (7, 'MWF 08:00-08:50', 'ICT 116', 30, 4, 3, 3);

INSERT INTO sections (section_id, schedule_time, location, capacity, course_id, instructor_id, semester_id)
VALUES (8, 'TTh 09:30-10:45', 'MS 170', 45, 5, 5, 3);

-- ========================
-- ENROLLMENTS
-- ========================

INSERT INTO enrollments (enrollment_id, status, student_id, section_id)
VALUES (1, 'ENROLLED', 1, 1);

INSERT INTO enrollments (enrollment_id, status, student_id, section_id)
VALUES (2, 'ENROLLED', 1, 3);

INSERT INTO enrollments (enrollment_id, status, student_id, section_id)
VALUES (3, 'ENROLLED', 6, 2);

INSERT INTO enrollments (enrollment_id, status, student_id, section_id)
VALUES (4, 'WAITLIST', 7, 2);

INSERT INTO enrollments (enrollment_id, status, student_id, section_id)
VALUES (5, 'ENROLLED', 8, 4);

INSERT INTO enrollments (enrollment_id, status, student_id, section_id)
VALUES (6, 'ENROLLED', 9, 8);

INSERT INTO enrollments (enrollment_id, status, student_id, section_id)
VALUES (7, 'WAITLIST', 10, 6);

INSERT INTO enrollments (enrollment_id, status, student_id, section_id)
VALUES (8, 'ENROLLED', 6, 5);

INSERT INTO enrollments (enrollment_id, status, student_id, section_id)
VALUES (9, 'ENROLLED', 8, 5);

INSERT INTO enrollments (enrollment_id, status, student_id, section_id)
VALUES (10, 'WAITLIST', 1, 7);